,ID,Description,setSize,enrichmentScore,NES,pvalue,p.adjust,qvalue,rank,leading_edge,core_enrichment
cdx2PositivelyCorrelatedGenes_Distal,cdx2PositivelyCorrelatedGenes_Distal,cdx2PositivelyCorrelatedGenes_Distal,466,-0.206340566764274,-0.910726782325148,0.820338983050847,0.820338983050847,NA,2607,tags=21%, list=21%, signal=18%,78004/223433/68106/17161/14766/240055/228875/12590/73447/66934/72748/21401/66496/52430/68295/381356/67538/68559/140482/66971/26444/18597/71971/234730/57315/18032/407821/16535/66825/67426/81879/625286/170460/67158/76787/66056/14854/320394/71911/232187/242484/68730/18010/21855/76265/56046/106264/104130/66928/12289/17117/239706/15484/71715/67840/13844/66965/217364/72535/83945/330836/209645/14917/15285/66487/52469/60525/20341/75607/227801/20342/58240/15108/56496/545156/63828/14073/17863/68241/269016/60363/74464/14776/269831/71862/13134/68023/23886/57257/20356/66953/330064/107351/228839/12638/14186/18798/237038/234577/17173
