,ID,Description,setSize,enrichmentScore,NES,pvalue,p.adjust,qvalue,rank,leading_edge,core_enrichment
cdx2PositivelyCorrelatedGenes_Distal,cdx2PositivelyCorrelatedGenes_Distal,cdx2PositivelyCorrelatedGenes_Distal,474,-0.224564377233574,-0.856271690881071,0.992424242424242,0.992424242424242,NA,2627,tags=20%, list=19%, signal=16%,21401/54197/66734/14917/66400/74187/73242/52469/67840/232187/66642/15285/76454/66056/12752/68567/12591/14013/68260/23877/20342/18010/11669/20532/70314/27998/63828/70465/224656/76265/58887/22354/112403/68295/57315/17863/225997/246221/68097/20520/212712/66934/240055/171504/52430/14853/74137/66971/21886/70575/20365/56017/269016/330064/227801/69136/83383/17318/194590/19277/78004/12289/107351/14186/56517/94282/434437/18719/74464/66953/56496/12638/27421/20537/72535/23886/170460/269831/11482/60363/278240/625286/22337/237038/20356/76787/234577/57257/18798/545156/108112/13134/319655
