,ID,Description,setSize,enrichmentScore,NES,pvalue,p.adjust,qvalue,rank,leading_edge,core_enrichment
cdx2PositivelyCorrelatedGenes_Proximal,cdx2PositivelyCorrelatedGenes_Proximal,cdx2PositivelyCorrelatedGenes_Proximal,628,-0.403082837468331,-1.45520125991851,2.70328370485731e-05,2.70328370485731e-05,NA,2455,tags=25%, list=18%, signal=21%,207920/26914/16529/12739/78906/66813/13195/227333/54128/12361/381802/75600/319974/18408/212679/105239/26926/16848/18218/103534/66734/13167/212398/109270/381810/26456/338367/68241/20532/12224/15490/15107/382034/70693/192970/329828/70031/99662/11640/171429/14025/67582/13639/20935/60525/19895/212712/229474/68971/53624/12752/56017/110460/66790/102566/269378/68177/74103/14186/83383/72748/269016/53414/333433/215819/13360/228357/330064/23872/77697/12444/207495/74464/383766/57257/229672/21405/12764/68631/76123/71862/15285/106347/170835/15378/78004/100041596/72273/56075/263876/27219/330450/12591/226654/19085/58235/16855/11839/12709/69847/19277/20963/13496/382097/619301/67484/217316/18671/268451/11482/71911/545156/109264/76507/66953/22354/619597/18585/432516/18719/29811/104886/14853/68895/244579/74519/54525/72040/56874/625286/108112/17863/17161/237038/17922/15203/224762/12557/17301/18798/223433/22337/381334/14917/15400/15484/21786/12590/20356/72088/72535/12638/13134/330890
