,ID,Description,setSize,enrichmentScore,NES,pvalue,p.adjust,qvalue,rank,leading_edge,core_enrichment
cdx2PositivelyCorrelatedGenes_Proximal,cdx2PositivelyCorrelatedGenes_Proximal,cdx2PositivelyCorrelatedGenes_Proximal,628,-0.471788290182483,-1.69130388507453,1.45679159746502e-10,1.45679159746502e-10,NA,2909,tags=36%, list=21%, signal=30%,13167/17448/11520/14854/66496/11669/19895/230828/109218/12611/18673/17165/212679/66366/11928/66343/68758/212712/71345/170789/23954/64658/207818/382034/231821/106264/56451/12752/56428/74411/19143/224912/14132/16529/68889/53972/230678/20935/70456/72754/77697/239570/67538/329910/26374/20733/13052/14590/75735/18762/13340/66522/26379/71664/13641/319767/110821/21833/19329/26415/65116/83383/54120/109552/60525/207495/67273/59290/56017/338367/68338/217138/20908/12700/12499/13143/68241/12591/319655/103534/18218/54219/66451/19085/15490/73121/246221/66813/58235/21405/333433/16918/268822/14186/11640/68636/66674/93757/20341/56690/71207/192976/211389/21379/13360/269016/54683/215819/18408/22349/12716/214523/15285/75607/12739/66790/70693/227333/54128/19049/66734/263876/228357/26456/338521/12764/69662/109270/69097/70129/68177/12444/53624/15378/15107/78906/17075/217149/330064/16855/74464/217364/102566/225997/11839/244579/66953/71862/211798/78004/269378/545156/99662/20963/56496/75600/619301/11732/15206/13496/56226/27219/170835/72748/56075/226654/68631/70031/170677/330450/72273/70134/330463/20730/619597/217316/74103/18719/71911/106347/104886/22354/12709/14853/192970/17863/381802/18798/29811/17301/432516/237038/18671/56874/18585/223433/20356/381334/20532/15400/109264/383766/11482/13134/54525/22337/15484/17922/15203/74519/72040/14917/625286/76507/20459/224762/12638/12557/330890/17161/229672/72535/72088/12590/382097/21786/108112
