,ID,Description,GeneRatio,BgRatio,pvalue,p.adjust,qvalue,geneID,Count
mmu04978,mmu04978,Mineral absorption - Mus musculus (house mouse),9/211,54/9167,3.31114742943422e-06,0.000497329172322548,0.000442813865344572,64177/20531/52466/12309/72027/67972/11979/232975/98660,9
mmu04512,mmu04512,ECM-receptor interaction - Mus musculus (house mouse),11/211,88/9167,5.01569324163894e-06,0.000497329172322548,0.000442813865344572,114249/16782/192897/16403/12505/16410/16774/16420/109700/14268/11603,11
mmu03320,mmu03320,PPAR signaling pathway - Mus musculus (house mouse),11/211,89/9167,5.60897562769791e-06,0.000497329172322548,0.000442813865344572,14933/17436/94180/11770/11806/11520/20411/14081/11832/93732/235674,11
mmu04977,mmu04977,Vitamin digestion and absorption - Mus musculus (house mouse),5/211,24/9167,0.000183245875211479,0.0121858507015633,0.0108500847164691,238055/19660/52466/11806/11808,5
mmu05222,mmu05222,Small cell lung cancer - Mus musculus (house mouse),9/211,93/9167,0.00027579491346273,0.0146722893962172,0.0130639695850767,16782/16403/17187/19225/16410/18710/16774/27015/14268,9
mmu04350,mmu04350,TGF-beta signaling pathway - Mus musculus (house mouse),9/211,99/9167,0.000440734946718613,0.0195392493045252,0.0173974321073137,17131/15901/15903/12163/268977/17965/12156/17130/15902,9
mmu04974,mmu04974,Protein digestion and absorption - Mus musculus (house mouse),9/211,108/9167,0.00083347621241414,0.0316720960717373,0.0282003229764183,56643/12822/215335/17288/13482/30962/17287/232975/98660,9
mmu04918,mmu04918,Thyroid hormone synthesis - Mus musculus (house mouse),7/211,74/9167,0.00150996498612742,0.0502063357887366,0.0447029107735091,70337/11657/11514/214593/208677/232975/98660,7
