,ID,Description,GeneRatio,BgRatio,pvalue,p.adjust,qvalue,geneID,Count
mmu04371,mmu04371,Apelin signaling pathway - Mus musculus (house mouse),4/39,137/9167,0.00261780123257961,0.173587782416637,0.170305846826746,18791/18787/18131/19017,4
mmu04390,mmu04390,Hippo signaling pathway - Mus musculus (house mouse),4/39,157/9167,0.00427275442879144,0.173587782416637,0.170305846826746,18787/15902/12156/12162,4
mmu03320,mmu03320,PPAR signaling pathway - Mus musculus (house mouse),3/39,89/9167,0.00628184688797616,0.173587782416637,0.170305846826746,14933/11770/17436,3
mmu04610,mmu04610,Complement and coagulation cascades - Mus musculus (house mouse),3/39,94/9167,0.00730724628684441,0.173587782416637,0.170305846826746,18791/12759/18787,3
mmu04350,mmu04350,TGF-beta signaling pathway - Mus musculus (house mouse),3/39,99/9167,0.00842659137944837,0.173587782416637,0.170305846826746,15902/12156/12162,3
