,ID,Description,GeneRatio,BgRatio,pvalue,p.adjust,qvalue,geneID,Count
mmu00591,mmu00591,Linoleic acid metabolism - Mus musculus (house mouse),6/199,50/9167,0.000696118496419958,0.0983508887451229,0.0920696899007807,72303/13110/69888/232889/66350/74519,6
mmu04371,mmu04371,Apelin signaling pathway - Mus musculus (house mouse),10/199,137/9167,0.00077747738138437,0.0983508887451229,0.0920696899007807,108099/18791/18787/16449/21812/12443/20698/20191/20541/66066,10
mmu04976,mmu04976,Bile secretion - Mus musculus (house mouse),8/199,100/9167,0.00144620980346236,0.121963693425326,0.114174458168081,20535/20494/320024/11826/22238/20186/106407/54403,8
mmu04360,mmu04360,Axon guidance - Mus musculus (house mouse),11/199,181/9167,0.00193285773164199,0.122253251526356,0.114445523584065,13838/20187/117606/20354/12162/18844/259302/13640/13837/13800/234779,11
mmu03320,mmu03320,PPAR signaling pathway - Mus musculus (house mouse),7/199,89/9167,0.00313534931753893,0.15864867546747,0.148516546620265,17436/16592/74551/50790/57435/15360/235674,7
mmu05205,mmu05205,Proteoglycans in cancer - Mus musculus (house mouse),11/199,205/9167,0.00503305142707729,0.212227001841759,0.198673082647788,22325/16398/21825/83383/57265/12443/192176/15529/12505/216795/234779,11
